{"cameraMode":{"drawMode":0,"name":"Shaded","section":"Shading Mode"},"sceneLighting":true,"audioPlay":false,"sceneViewState":{"showFog":true,"showMaterialUpdate":true,"showSkybox":true,"showFlares":true,"showImageEffects":true,"showParticleSystems":true},"in2DMode":false,"pivot":{"x":4.008020401000977,"y":-5.679988861083984,"z":14.614710807800293},"rotation":{"x":-0.0940997451543808,"y":-0.07400781661272049,"z":0.007010423578321934,"w":-0.9927952289581299},"size":10.0,"orthographic":false}